customer_id,customer_name,segment,city,state,onboard_date
C100000,Customer 0001,SMB,Nagpur,GJ,2024-04-26
C100001,Customer 0002,SMB,Jaipur,DL,2025-11-17
C100002,Customer 0003,Mid-Market,Kolkata,TS,2024-03-18
C100003,Customer 0004,Mid-Market,Hyderabad,KA,2025-06-16
C100004,Customer 0005,Mid-Market,Kolkata,UP,2025-12-13
C100005,Customer 0006,Mid-Market,Hyderabad,KA,2024-11-18
C100006,Customer 0007,SMB,Hyderabad,RJ,2024-02-11
C100007,Customer 0008,Mid-Market,Kolkata,MP,2025-10-02
C100008,Customer 0009,SMB,Chennai,MH,2024-05-16
C100009,Customer 0010,SMB,Chennai,WB,2025-01-20
C100010,Customer 0011,SMB,Hyderabad,WB,2025-12-20
C100011,Customer 0012,Mid-Market,Delhi,DL,2025-06-28
C100012,Customer 0013,SMB,Pune,GJ,2024-02-03
C100013,Customer 0014,SMB,Kolkata,TN,2025-08-22
C100014,Customer 0015,SMB,Chennai,TN,2024-04-27
C100015,Customer 0016,SMB,Nagpur,TN,2025-07-01
C100016,Customer 0017,Mid-Market,Chennai,MP,2025-03-29
C100017,Customer 0018,SMB,Delhi,GJ,2024-07-29
C100018,Customer 0019,SMB,Pune,DL,2024-11-05
C100019,Customer 0020,SMB,Mumbai,UP,2024-03-27
C100020,Customer 0021,Mid-Market,Hyderabad,MP,2025-12-22
C100021,Customer 0022,SMB,Hyderabad,UP,2024-06-23
C100022,Customer 0023,SMB,Hyderabad,RJ,2024-08-13
C100023,Customer 0024,SMB,Hyderabad,DL,2025-01-02
C100024,Customer 0025,Enterprise,Ahmedabad,RJ,2025-05-06
C100025,Customer 0026,Enterprise,Mumbai,DL,2025-01-04
C100026,Customer 0027,Mid-Market,Hyderabad,TS,2025-01-04
C100027,Customer 0028,SMB,Mumbai,TN,2025-03-01
C100028,Customer 0029,Enterprise,Hyderabad,UP,2025-09-18
C100029,Customer 0030,Mid-Market,Kolkata,WB,2024-10-15
C100030,Customer 0031,Mid-Market,Pune,DL,2025-08-31
C100031,Customer 0032,SMB,Hyderabad,TN,2025-07-29
C100032,Customer 0033,SMB,Pune,TS,2025-12-03
C100033,Customer 0034,SMB,Nagpur,GJ,2025-10-29
C100034,Customer 0035,Enterprise,Ahmedabad,DL,2025-08-06
C100035,Customer 0036,SMB,Bengaluru,WB,2024-06-29
C100036,Customer 0037,SMB,Mumbai,DL,2025-07-20
C100037,Customer 0038,SMB,Pune,DL,2025-06-22
C100038,Customer 0039,Mid-Market,Delhi,UP,2024-07-30
C100039,Customer 0040,SMB,Ahmedabad,DL,2025-05-10
C100040,Customer 0041,Enterprise,Chennai,MH,2024-07-03
C100041,Customer 0042,Mid-Market,Jaipur,DL,2025-01-17
C100042,Customer 0043,Mid-Market,Hyderabad,WB,2025-08-05
C100043,Customer 0044,SMB,Bengaluru,MH,2024-05-17
C100044,Customer 0045,Mid-Market,Delhi,DL,2024-09-03
C100045,Customer 0046,Mid-Market,Bengaluru,KA,2025-08-04
C100046,Customer 0047,Mid-Market,Nagpur,WB,2024-11-27
C100047,Customer 0048,SMB,Mumbai,RJ,2025-12-03
C100048,Customer 0049,SMB,Delhi,UP,2024-01-06
C100049,Customer 0050,SMB,Chennai,DL,2025-06-11
C100050,Customer 0051,SMB,Pune,MP,2025-08-18
C100051,Customer 0052,SMB,Delhi,TS,2025-11-01
C100052,Customer 0053,SMB,Delhi,RJ,2024-04-24
C100053,Customer 0054,SMB,Bengaluru,WB,2025-12-20
C100054,Customer 0055,Mid-Market,Mumbai,RJ,2024-10-13
C100055,Customer 0056,SMB,Pune,RJ,2024-09-14
C100056,Customer 0057,Enterprise,Pune,WB,2024-09-16
C100057,Customer 0058,Mid-Market,Delhi,TS,2025-04-11
C100058,Customer 0059,SMB,Pune,WB,2025-04-26
C100059,Customer 0060,Mid-Market,Nagpur,MP,2024-12-12
C100060,Customer 0061,SMB,Bengaluru,UP,2024-02-21
C100061,Customer 0062,Enterprise,Kolkata,UP,2025-12-22
C100062,Customer 0063,SMB,Kolkata,KA,2024-06-11
C100063,Customer 0064,Mid-Market,Delhi,WB,2024-03-09
C100064,Customer 0065,SMB,Jaipur,KA,2025-03-12
C100065,Customer 0066,SMB,Mumbai,GJ,2024-10-28
C100066,Customer 0067,SMB,Bengaluru,UP,2025-03-25
C100067,Customer 0068,Enterprise,Bengaluru,MH,2025-10-02
C100068,Customer 0069,Mid-Market,Mumbai,GJ,2024-03-12
C100069,Customer 0070,SMB,Bengaluru,UP,2024-07-26
C100070,Customer 0071,SMB,Hyderabad,MP,2025-01-12
C100071,Customer 0072,SMB,Ahmedabad,DL,2025-07-29
C100072,Customer 0073,SMB,Hyderabad,KA,2025-03-15
C100073,Customer 0074,SMB,Jaipur,UP,2024-10-06
C100074,Customer 0075,SMB,Ahmedabad,UP,2025-03-21
C100075,Customer 0076,Mid-Market,Nagpur,WB,2025-12-17
C100076,Customer 0077,Enterprise,Mumbai,UP,2024-12-16
C100077,Customer 0078,SMB,Nagpur,MH,2025-10-07
C100078,Customer 0079,Mid-Market,Kolkata,GJ,2025-07-24
C100079,Customer 0080,SMB,Nagpur,MH,2024-08-08
C100080,Customer 0081,Mid-Market,Hyderabad,UP,2024-07-01
C100081,Customer 0082,SMB,Nagpur,GJ,2025-07-17
C100082,Customer 0083,Mid-Market,Chennai,UP,2024-05-31
C100083,Customer 0084,Mid-Market,Pune,WB,2024-09-03
C100084,Customer 0085,Mid-Market,Delhi,MH,2024-06-21
C100085,Customer 0086,SMB,Mumbai,MH,2025-03-19
C100086,Customer 0087,Enterprise,Nagpur,DL,2024-08-03
C100087,Customer 0088,SMB,Hyderabad,RJ,2025-04-26
C100088,Customer 0089,SMB,Bengaluru,KA,2025-11-14
C100089,Customer 0090,Mid-Market,Chennai,MP,2025-08-29
C100090,Customer 0091,SMB,Delhi,TS,2025-11-23
C100091,Customer 0092,Mid-Market,Pune,TN,2024-01-18
C100092,Customer 0093,Mid-Market,Jaipur,TS,2024-11-28
C100093,Customer 0094,SMB,Jaipur,TN,2024-06-09
C100094,Customer 0095,Enterprise,Ahmedabad,TN,2025-11-01
C100095,Customer 0096,SMB,Kolkata,MH,2025-06-04
C100096,Customer 0097,SMB,Delhi,WB,2024-08-22
C100097,Customer 0098,SMB,Chennai,RJ,2025-02-15
C100098,Customer 0099,Enterprise,Chennai,UP,2025-03-18
C100099,Customer 0100,SMB,Mumbai,DL,2024-12-28
C100100,Customer 0101,SMB,Pune,MP,2024-12-12
C100101,Customer 0102,SMB,Bengaluru,MP,2024-02-10
C100102,Customer 0103,Enterprise,Delhi,UP,2024-11-26
C100103,Customer 0104,Enterprise,Mumbai,DL,2024-09-11
C100104,Customer 0105,Mid-Market,Mumbai,MP,2025-08-21
C100105,Customer 0106,Enterprise,Jaipur,WB,2025-09-24
C100106,Customer 0107,Enterprise,Hyderabad,MH,2025-07-02
C100107,Customer 0108,SMB,Chennai,TS,2024-01-23
C100108,Customer 0109,SMB,Chennai,GJ,2025-09-06
C100109,Customer 0110,Mid-Market,Ahmedabad,KA,2024-10-16
C100110,Customer 0111,Mid-Market,Ahmedabad,TN,2024-10-31
C100111,Customer 0112,SMB,Bengaluru,RJ,2025-11-21
C100112,Customer 0113,SMB,Jaipur,KA,2025-09-25
C100113,Customer 0114,Mid-Market,Hyderabad,TN,2024-02-07
C100114,Customer 0115,SMB,Jaipur,TS,2024-09-20
C100115,Customer 0116,Enterprise,Delhi,WB,2025-07-02
C100116,Customer 0117,SMB,Mumbai,TS,2025-01-28
C100117,Customer 0118,SMB,Ahmedabad,UP,2024-07-07
C100118,Customer 0119,Mid-Market,Pune,MH,2025-01-18
C100119,Customer 0120,SMB,Ahmedabad,UP,2025-09-25
C100120,Customer 0121,SMB,Pune,RJ,2024-06-12
C100121,Customer 0122,Mid-Market,Bengaluru,MP,2025-06-29
C100122,Customer 0123,Enterprise,Kolkata,MP,2025-06-21
C100123,Customer 0124,SMB,Nagpur,KA,2025-10-09
C100124,Customer 0125,SMB,Delhi,UP,2024-08-05
C100125,Customer 0126,Mid-Market,Mumbai,WB,2024-06-06
C100126,Customer 0127,Enterprise,Bengaluru,UP,2025-02-04
C100127,Customer 0128,SMB,Jaipur,MP,2025-01-23
C100128,Customer 0129,SMB,Ahmedabad,WB,2024-10-26
C100129,Customer 0130,SMB,Mumbai,DL,2025-07-23
C100130,Customer 0131,SMB,Hyderabad,KA,2025-08-07
C100131,Customer 0132,SMB,Bengaluru,KA,2024-06-28
C100132,Customer 0133,Mid-Market,Mumbai,DL,2025-08-04
C100133,Customer 0134,SMB,Jaipur,MP,2024-06-17
C100134,Customer 0135,SMB,Kolkata,WB,2024-10-24
C100135,Customer 0136,Mid-Market,Mumbai,TN,2024-01-20
C100136,Customer 0137,Mid-Market,Kolkata,TS,2024-09-05
C100137,Customer 0138,SMB,Delhi,WB,2025-12-01
C100138,Customer 0139,Mid-Market,Pune,GJ,2024-11-19
C100139,Customer 0140,Mid-Market,Delhi,UP,2025-06-03
C100140,Customer 0141,Mid-Market,Mumbai,RJ,2024-03-19
C100141,Customer 0142,SMB,Bengaluru,GJ,2025-04-09
C100142,Customer 0143,SMB,Jaipur,UP,2024-09-28
C100143,Customer 0144,Enterprise,Ahmedabad,TN,2025-06-27
C100144,Customer 0145,SMB,Mumbai,UP,2025-11-09
C100145,Customer 0146,SMB,Jaipur,DL,2025-01-23
C100146,Customer 0147,SMB,Chennai,KA,2024-03-16
C100147,Customer 0148,Mid-Market,Jaipur,TN,2024-12-14
C100148,Customer 0149,Enterprise,Ahmedabad,KA,2024-03-30
C100149,Customer 0150,SMB,Hyderabad,KA,2024-11-24
C100150,Customer 0151,Enterprise,Chennai,MP,2024-02-14
C100151,Customer 0152,SMB,Chennai,RJ,2025-04-13
C100152,Customer 0153,Mid-Market,Ahmedabad,TS,2024-08-14
C100153,Customer 0154,Mid-Market,Bengaluru,MP,2024-05-27
C100154,Customer 0155,SMB,Hyderabad,MH,2024-01-13
C100155,Customer 0156,SMB,Bengaluru,TS,2025-10-11
C100156,Customer 0157,SMB,Bengaluru,RJ,2025-09-03
C100157,Customer 0158,Enterprise,Mumbai,DL,2025-08-16
C100158,Customer 0159,Mid-Market,Pune,RJ,2024-02-12
C100159,Customer 0160,Enterprise,Nagpur,MP,2024-09-12
C100160,Customer 0161,Mid-Market,Pune,MH,2025-12-11
C100161,Customer 0162,SMB,Jaipur,MH,2025-02-26
C100162,Customer 0163,Mid-Market,Pune,UP,2024-04-03
C100163,Customer 0164,SMB,Ahmedabad,WB,2024-04-13
C100164,Customer 0165,SMB,Hyderabad,WB,2024-07-11
C100165,Customer 0166,Mid-Market,Chennai,TN,2025-12-11
C100166,Customer 0167,Mid-Market,Bengaluru,TN,2024-05-03
C100167,Customer 0168,SMB,Delhi,GJ,2025-10-22
C100168,Customer 0169,SMB,Delhi,WB,2025-05-10
C100169,Customer 0170,Mid-Market,Chennai,KA,2025-11-04
C100170,Customer 0171,Enterprise,Hyderabad,GJ,2025-08-26
C100171,Customer 0172,Mid-Market,Chennai,GJ,2024-08-30
C100172,Customer 0173,SMB,Jaipur,KA,2025-08-28
C100173,Customer 0174,SMB,Delhi,DL,2024-05-03
C100174,Customer 0175,SMB,Hyderabad,RJ,2024-07-31
C100175,Customer 0176,Mid-Market,Mumbai,GJ,2024-06-03
C100176,Customer 0177,Enterprise,Hyderabad,KA,2024-04-07
C100177,Customer 0178,SMB,Mumbai,MH,2024-03-06
C100178,Customer 0179,SMB,Mumbai,WB,2024-05-16
C100179,Customer 0180,SMB,Nagpur,TN,2024-03-28
C100180,Customer 0181,Mid-Market,Pune,UP,2024-10-05
C100181,Customer 0182,Mid-Market,Delhi,WB,2024-02-22
C100182,Customer 0183,SMB,Jaipur,UP,2024-02-14
C100183,Customer 0184,SMB,Nagpur,TS,2025-12-24
C100184,Customer 0185,Mid-Market,Mumbai,TN,2024-03-05
C100185,Customer 0186,SMB,Mumbai,KA,2024-02-24
C100186,Customer 0187,Mid-Market,Hyderabad,WB,2024-01-23
C100187,Customer 0188,SMB,Chennai,KA,2024-04-06
C100188,Customer 0189,SMB,Nagpur,TN,2025-01-20
C100189,Customer 0190,Enterprise,Bengaluru,DL,2025-08-27
C100190,Customer 0191,SMB,Mumbai,KA,2025-06-21
C100191,Customer 0192,SMB,Bengaluru,MH,2025-02-28
C100192,Customer 0193,SMB,Jaipur,WB,2024-03-03
C100193,Customer 0194,SMB,Pune,UP,2025-07-20
C100194,Customer 0195,SMB,Hyderabad,KA,2024-01-28
C100195,Customer 0196,SMB,Mumbai,TN,2025-04-06
C100196,Customer 0197,SMB,Mumbai,TS,2024-10-26
C100197,Customer 0198,SMB,Nagpur,MP,2025-10-06
C100198,Customer 0199,Mid-Market,Pune,TN,2024-08-12
C100199,Customer 0200,Mid-Market,Hyderabad,UP,2025-04-11
C100200,Customer 0201,SMB,Nagpur,TS,2024-11-17
C100201,Customer 0202,SMB,Kolkata,MH,2025-01-16
C100202,Customer 0203,SMB,Pune,WB,2025-11-17
C100203,Customer 0204,Enterprise,Delhi,GJ,2025-06-05
C100204,Customer 0205,Enterprise,Nagpur,UP,2024-10-30
C100205,Customer 0206,SMB,Delhi,MP,2024-11-23
C100206,Customer 0207,SMB,Chennai,MP,2025-05-30
C100207,Customer 0208,SMB,Chennai,GJ,2024-09-09
C100208,Customer 0209,SMB,Kolkata,DL,2024-05-02
C100209,Customer 0210,Mid-Market,Mumbai,TN,2024-12-07
C100210,Customer 0211,SMB,Jaipur,KA,2024-02-19
C100211,Customer 0212,SMB,Nagpur,TN,2024-05-04
C100212,Customer 0213,SMB,Mumbai,DL,2024-11-03
C100213,Customer 0214,SMB,Jaipur,MH,2025-08-05
C100214,Customer 0215,SMB,Jaipur,TS,2025-07-25
C100215,Customer 0216,Mid-Market,Ahmedabad,WB,2024-07-09
C100216,Customer 0217,SMB,Hyderabad,DL,2024-11-04
C100217,Customer 0218,Enterprise,Delhi,UP,2024-04-22
C100218,Customer 0219,SMB,Jaipur,TN,2025-07-06
C100219,Customer 0220,Mid-Market,Mumbai,UP,2024-06-29
C100220,Customer 0221,Enterprise,Jaipur,GJ,2025-08-07
C100221,Customer 0222,Enterprise,Nagpur,MH,2025-09-07
C100222,Customer 0223,Mid-Market,Kolkata,TS,2025-05-18
C100223,Customer 0224,Mid-Market,Hyderabad,RJ,2024-08-29
C100224,Customer 0225,Mid-Market,Chennai,WB,2025-11-27
C100225,Customer 0226,Mid-Market,Pune,DL,2025-05-16
C100226,Customer 0227,SMB,Nagpur,WB,2025-04-17
C100227,Customer 0228,SMB,Hyderabad,UP,2025-09-18
C100228,Customer 0229,SMB,Pune,DL,2025-10-06
C100229,Customer 0230,Enterprise,Ahmedabad,MH,2024-02-26
C100230,Customer 0231,SMB,Kolkata,DL,2025-10-06
C100231,Customer 0232,SMB,Kolkata,UP,2025-07-13
C100232,Customer 0233,Mid-Market,Pune,RJ,2024-05-30
C100233,Customer 0234,SMB,Ahmedabad,MP,2024-08-12
C100234,Customer 0235,SMB,Kolkata,UP,2025-07-04
C100235,Customer 0236,SMB,Ahmedabad,KA,2024-06-07
C100236,Customer 0237,SMB,Jaipur,TS,2024-11-26
C100237,Customer 0238,SMB,Bengaluru,MH,2025-05-18
C100238,Customer 0239,SMB,Bengaluru,MH,2025-04-20
C100239,Customer 0240,SMB,Nagpur,MP,2025-10-27
C100240,Customer 0241,SMB,Chennai,UP,2024-03-22
C100241,Customer 0242,SMB,Delhi,KA,2024-08-03
C100242,Customer 0243,Mid-Market,Bengaluru,RJ,2025-12-20
C100243,Customer 0244,SMB,Kolkata,WB,2025-02-19
C100244,Customer 0245,Enterprise,Ahmedabad,MH,2024-06-30
C100245,Customer 0246,Enterprise,Pune,UP,2024-07-30
C100246,Customer 0247,SMB,Chennai,MP,2024-09-04
C100247,Customer 0248,SMB,Nagpur,WB,2025-02-09
C100248,Customer 0249,SMB,Bengaluru,RJ,2024-07-27
C100249,Customer 0250,Mid-Market,Bengaluru,DL,2025-03-30
C100250,Customer 0251,Mid-Market,Jaipur,RJ,2024-11-21
C100251,Customer 0252,Mid-Market,Pune,TN,2025-03-22
C100252,Customer 0253,SMB,Hyderabad,UP,2024-04-23
C100253,Customer 0254,Mid-Market,Delhi,MH,2025-03-31
C100254,Customer 0255,SMB,Ahmedabad,KA,2025-11-06
C100255,Customer 0256,Mid-Market,Mumbai,UP,2024-04-08
C100256,Customer 0257,SMB,Delhi,TS,2024-08-27
C100257,Customer 0258,Mid-Market,Mumbai,DL,2025-05-21
C100258,Customer 0259,Enterprise,Ahmedabad,RJ,2025-03-27
C100259,Customer 0260,SMB,Kolkata,KA,2025-05-08
C100260,Customer 0261,Mid-Market,Delhi,WB,2025-02-13
C100261,Customer 0262,SMB,Hyderabad,TS,2025-05-13
C100262,Customer 0263,Mid-Market,Mumbai,KA,2025-03-21
C100263,Customer 0264,SMB,Nagpur,UP,2024-02-24
C100264,Customer 0265,Enterprise,Kolkata,KA,2025-07-03
C100265,Customer 0266,SMB,Hyderabad,MH,2024-11-22
C100266,Customer 0267,Enterprise,Delhi,GJ,2024-02-07
C100267,Customer 0268,Mid-Market,Ahmedabad,MP,2024-10-26
C100268,Customer 0269,Mid-Market,Ahmedabad,KA,2024-11-14
C100269,Customer 0270,Mid-Market,Delhi,RJ,2024-03-04
C100270,Customer 0271,Mid-Market,Hyderabad,WB,2025-12-29
C100271,Customer 0272,Enterprise,Kolkata,MP,2024-06-11
C100272,Customer 0273,SMB,Kolkata,KA,2024-08-29
C100273,Customer 0274,Mid-Market,Chennai,UP,2024-11-18
C100274,Customer 0275,SMB,Pune,GJ,2025-08-31
C100275,Customer 0276,Mid-Market,Delhi,MP,2025-06-27
C100276,Customer 0277,SMB,Kolkata,DL,2025-07-17
C100277,Customer 0278,Mid-Market,Nagpur,UP,2024-06-22
C100278,Customer 0279,Mid-Market,Chennai,GJ,2025-09-10
C100279,Customer 0280,SMB,Hyderabad,KA,2025-08-29
C100280,Customer 0281,SMB,Chennai,UP,2024-12-05
C100281,Customer 0282,Mid-Market,Mumbai,RJ,2025-02-02
C100282,Customer 0283,Mid-Market,Pune,DL,2024-01-28
C100283,Customer 0284,SMB,Kolkata,WB,2025-07-09
C100284,Customer 0285,Mid-Market,Nagpur,DL,2025-12-03
C100285,Customer 0286,Enterprise,Jaipur,WB,2024-12-11
C100286,Customer 0287,SMB,Chennai,UP,2025-01-30
C100287,Customer 0288,SMB,Pune,MP,2024-12-30
C100288,Customer 0289,SMB,Nagpur,TS,2024-03-01
C100289,Customer 0290,Mid-Market,Delhi,UP,2025-03-29
C100290,Customer 0291,SMB,Bengaluru,TN,2025-06-11
C100291,Customer 0292,Mid-Market,Jaipur,RJ,2025-11-09
C100292,Customer 0293,Mid-Market,Ahmedabad,RJ,2025-11-10
C100293,Customer 0294,SMB,Ahmedabad,TN,2024-12-25
C100294,Customer 0295,Enterprise,Bengaluru,TN,2025-12-02
C100295,Customer 0296,Mid-Market,Nagpur,TN,2025-01-21
C100296,Customer 0297,SMB,Delhi,MP,2025-04-14
C100297,Customer 0298,SMB,Chennai,DL,2025-03-16
C100298,Customer 0299,SMB,Ahmedabad,TS,2025-12-31
C100299,Customer 0300,SMB,Kolkata,DL,2025-06-23
C100300,Customer 0301,SMB,Mumbai,KA,2024-03-28
C100301,Customer 0302,Enterprise,Hyderabad,DL,2024-02-22
C100302,Customer 0303,SMB,Hyderabad,KA,2024-10-26
C100303,Customer 0304,SMB,Nagpur,MH,2025-01-11
C100304,Customer 0305,Mid-Market,Ahmedabad,RJ,2025-05-03
C100305,Customer 0306,Mid-Market,Hyderabad,MH,2024-12-18
C100306,Customer 0307,Enterprise,Ahmedabad,WB,2025-01-11
C100307,Customer 0308,Mid-Market,Ahmedabad,RJ,2025-11-04
C100308,Customer 0309,SMB,Hyderabad,RJ,2024-09-01
C100309,Customer 0310,SMB,Delhi,TN,2024-12-26
C100310,Customer 0311,Enterprise,Jaipur,KA,2025-02-11
C100311,Customer 0312,Mid-Market,Chennai,UP,2024-12-08
C100312,Customer 0313,Enterprise,Mumbai,MP,2025-12-08
C100313,Customer 0314,SMB,Ahmedabad,GJ,2025-12-04
C100314,Customer 0315,Enterprise,Chennai,MH,2025-01-10
C100315,Customer 0316,Mid-Market,Chennai,MH,2024-11-25
C100316,Customer 0317,SMB,Ahmedabad,DL,2025-03-06
C100317,Customer 0318,Mid-Market,Nagpur,KA,2024-05-12
C100318,Customer 0319,Mid-Market,Hyderabad,MP,2024-11-07
C100319,Customer 0320,SMB,Delhi,TS,2024-06-07
C100320,Customer 0321,SMB,Mumbai,TS,2024-04-15
C100321,Customer 0322,Mid-Market,Kolkata,UP,2024-03-10
C100322,Customer 0323,SMB,Delhi,MP,2025-03-05
C100323,Customer 0324,SMB,Hyderabad,TS,2024-01-01
C100324,Customer 0325,SMB,Kolkata,DL,2025-04-17
C100325,Customer 0326,SMB,Delhi,WB,2024-11-11
C100326,Customer 0327,Enterprise,Delhi,GJ,2024-09-24
C100327,Customer 0328,Mid-Market,Delhi,UP,2025-07-16
C100328,Customer 0329,SMB,Bengaluru,MP,2025-01-28
C100329,Customer 0330,Enterprise,Mumbai,UP,2025-06-20
C100330,Customer 0331,Enterprise,Jaipur,MH,2025-06-02
C100331,Customer 0332,SMB,Pune,TS,2024-01-24
C100332,Customer 0333,Mid-Market,Hyderabad,WB,2024-06-06
C100333,Customer 0334,SMB,Kolkata,MH,2025-02-20
C100334,Customer 0335,Enterprise,Mumbai,DL,2025-12-14
C100335,Customer 0336,Mid-Market,Kolkata,KA,2024-04-22
C100336,Customer 0337,Mid-Market,Ahmedabad,UP,2024-03-18
C100337,Customer 0338,SMB,Kolkata,MH,2025-11-18
C100338,Customer 0339,Enterprise,Hyderabad,KA,2025-12-07
C100339,Customer 0340,SMB,Pune,KA,2024-05-02
C100340,Customer 0341,SMB,Jaipur,KA,2024-10-20
C100341,Customer 0342,SMB,Hyderabad,WB,2025-04-03
C100342,Customer 0343,Mid-Market,Jaipur,DL,2024-05-22
C100343,Customer 0344,SMB,Mumbai,UP,2024-08-26
C100344,Customer 0345,Enterprise,Mumbai,TS,2024-10-15
C100345,Customer 0346,Mid-Market,Ahmedabad,WB,2025-04-13
C100346,Customer 0347,SMB,Nagpur,GJ,2024-08-13
C100347,Customer 0348,SMB,Jaipur,GJ,2024-10-28
C100348,Customer 0349,SMB,Ahmedabad,RJ,2024-07-30
C100349,Customer 0350,Mid-Market,Bengaluru,TS,2025-07-09
C100350,Customer 0351,Mid-Market,Nagpur,WB,2024-04-21
C100351,Customer 0352,SMB,Kolkata,MP,2024-06-17
C100352,Customer 0353,Mid-Market,Mumbai,MP,2024-07-01
C100353,Customer 0354,SMB,Mumbai,GJ,2025-10-24
C100354,Customer 0355,Mid-Market,Jaipur,GJ,2025-11-21
C100355,Customer 0356,Enterprise,Bengaluru,MP,2024-12-31
C100356,Customer 0357,Mid-Market,Ahmedabad,GJ,2024-04-24
C100357,Customer 0358,Mid-Market,Mumbai,UP,2025-07-06
C100358,Customer 0359,Mid-Market,Bengaluru,KA,2024-12-25
C100359,Customer 0360,SMB,Bengaluru,DL,2025-09-13
C100360,Customer 0361,SMB,Bengaluru,KA,2024-09-20
C100361,Customer 0362,SMB,Kolkata,MH,2025-12-31
C100362,Customer 0363,SMB,Nagpur,TN,2025-08-12
C100363,Customer 0364,Mid-Market,Nagpur,TS,2024-06-12
C100364,Customer 0365,Mid-Market,Ahmedabad,TN,2025-06-14
C100365,Customer 0366,Enterprise,Bengaluru,TN,2024-07-28
C100366,Customer 0367,SMB,Nagpur,GJ,2024-09-12
C100367,Customer 0368,Mid-Market,Chennai,UP,2024-07-02
C100368,Customer 0369,SMB,Chennai,MP,2025-05-13
C100369,Customer 0370,SMB,Ahmedabad,DL,2024-07-11
C100370,Customer 0371,Mid-Market,Ahmedabad,DL,2025-04-11
C100371,Customer 0372,Enterprise,Nagpur,RJ,2025-03-01
C100372,Customer 0373,Mid-Market,Chennai,KA,2025-07-02
C100373,Customer 0374,SMB,Kolkata,WB,2025-12-27
C100374,Customer 0375,Mid-Market,Ahmedabad,TN,2024-01-07
C100375,Customer 0376,SMB,Bengaluru,KA,2025-12-24
C100376,Customer 0377,Enterprise,Hyderabad,GJ,2024-03-20
C100377,Customer 0378,Mid-Market,Kolkata,DL,2025-01-20
C100378,Customer 0379,SMB,Pune,KA,2024-09-06
C100379,Customer 0380,SMB,Hyderabad,GJ,2025-04-12
C100380,Customer 0381,SMB,Ahmedabad,KA,2025-06-11
C100381,Customer 0382,Enterprise,Nagpur,GJ,2025-09-20
C100382,Customer 0383,SMB,Chennai,KA,2024-10-20
C100383,Customer 0384,Mid-Market,Hyderabad,TN,2025-11-12
C100384,Customer 0385,Mid-Market,Delhi,MP,2024-08-23
C100385,Customer 0386,Mid-Market,Kolkata,TS,2024-05-29
C100386,Customer 0387,SMB,Chennai,RJ,2024-10-04
C100387,Customer 0388,Enterprise,Pune,RJ,2025-01-21
C100388,Customer 0389,SMB,Chennai,UP,2025-05-03
C100389,Customer 0390,Mid-Market,Delhi,KA,2025-08-31
C100390,Customer 0391,Mid-Market,Ahmedabad,RJ,2024-06-13
C100391,Customer 0392,Mid-Market,Jaipur,UP,2024-08-09
C100392,Customer 0393,Enterprise,Nagpur,RJ,2025-11-17
C100393,Customer 0394,SMB,Kolkata,KA,2024-11-17
C100394,Customer 0395,SMB,Hyderabad,MP,2024-06-25
C100395,Customer 0396,SMB,Delhi,KA,2025-12-21
C100396,Customer 0397,SMB,Mumbai,WB,2024-11-24
C100397,Customer 0398,SMB,Nagpur,TN,2025-12-21
C100398,Customer 0399,SMB,Jaipur,WB,2025-11-03
C100399,Customer 0400,SMB,Jaipur,WB,2025-10-24
C100400,Customer 0401,SMB,Hyderabad,MH,2025-03-01
C100401,Customer 0402,SMB,Hyderabad,WB,2025-08-06
C100402,Customer 0403,Mid-Market,Jaipur,UP,2025-12-03
C100403,Customer 0404,Mid-Market,Chennai,TN,2024-07-15
C100404,Customer 0405,SMB,Ahmedabad,TS,2024-01-28
C100405,Customer 0406,SMB,Delhi,UP,2024-08-22
C100406,Customer 0407,SMB,Delhi,MH,2025-04-10
C100407,Customer 0408,Mid-Market,Kolkata,TN,2025-02-04
C100408,Customer 0409,SMB,Jaipur,WB,2024-02-28
C100409,Customer 0410,SMB,Hyderabad,TN,2025-02-13
C100410,Customer 0411,SMB,Jaipur,UP,2024-05-07
C100411,Customer 0412,SMB,Bengaluru,TN,2025-01-04
C100412,Customer 0413,SMB,Delhi,UP,2025-02-24
C100413,Customer 0414,Mid-Market,Nagpur,MH,2025-04-10
C100414,Customer 0415,Mid-Market,Nagpur,RJ,2024-10-28
C100415,Customer 0416,Mid-Market,Nagpur,WB,2024-10-25
C100416,Customer 0417,Mid-Market,Hyderabad,TS,2025-05-11
C100417,Customer 0418,Mid-Market,Jaipur,TS,2025-07-01
C100418,Customer 0419,SMB,Nagpur,RJ,2025-08-13
C100419,Customer 0420,Mid-Market,Nagpur,GJ,2024-08-31
C100420,Customer 0421,SMB,Pune,GJ,2024-11-05
C100421,Customer 0422,SMB,Ahmedabad,MH,2024-08-29
C100422,Customer 0423,Mid-Market,Nagpur,WB,2025-01-20
C100423,Customer 0424,SMB,Ahmedabad,UP,2024-04-03
C100424,Customer 0425,SMB,Bengaluru,MH,2024-11-10
C100425,Customer 0426,Mid-Market,Ahmedabad,TN,2024-05-17
C100426,Customer 0427,Enterprise,Mumbai,TN,2025-01-24
C100427,Customer 0428,Enterprise,Delhi,MP,2025-09-13
C100428,Customer 0429,SMB,Kolkata,TS,2025-12-21
C100429,Customer 0430,SMB,Delhi,TN,2024-11-22
C100430,Customer 0431,Mid-Market,Kolkata,RJ,2024-02-11
C100431,Customer 0432,SMB,Bengaluru,MH,2024-06-15
C100432,Customer 0433,Mid-Market,Kolkata,MP,2024-03-17
C100433,Customer 0434,SMB,Kolkata,MP,2025-07-09
C100434,Customer 0435,SMB,Kolkata,RJ,2025-12-20
C100435,Customer 0436,SMB,Bengaluru,GJ,2025-02-08
C100436,Customer 0437,Mid-Market,Hyderabad,RJ,2024-05-09
C100437,Customer 0438,SMB,Bengaluru,RJ,2024-01-16
C100438,Customer 0439,SMB,Delhi,UP,2025-12-14
C100439,Customer 0440,SMB,Chennai,TN,2024-08-19
C100440,Customer 0441,SMB,Hyderabad,TN,2024-03-22
C100441,Customer 0442,SMB,Delhi,GJ,2024-05-09
C100442,Customer 0443,Mid-Market,Bengaluru,KA,2024-07-05
C100443,Customer 0444,SMB,Bengaluru,MP,2025-04-24
C100444,Customer 0445,Mid-Market,Kolkata,RJ,2025-10-13
C100445,Customer 0446,Enterprise,Jaipur,GJ,2024-07-20
C100446,Customer 0447,SMB,Bengaluru,DL,2025-05-17
C100447,Customer 0448,SMB,Jaipur,DL,2024-02-17
C100448,Customer 0449,Mid-Market,Chennai,TN,2024-01-08
C100449,Customer 0450,SMB,Mumbai,GJ,2024-02-10
C100450,Customer 0451,SMB,Hyderabad,RJ,2025-11-05
C100451,Customer 0452,Enterprise,Pune,GJ,2025-03-01
C100452,Customer 0453,Enterprise,Pune,UP,2025-08-11
C100453,Customer 0454,Mid-Market,Hyderabad,UP,2024-01-16
C100454,Customer 0455,SMB,Delhi,RJ,2024-01-17
C100455,Customer 0456,Mid-Market,Ahmedabad,DL,2025-09-12
C100456,Customer 0457,Mid-Market,Mumbai,WB,2024-03-16
C100457,Customer 0458,SMB,Jaipur,TN,2024-04-23
C100458,Customer 0459,Mid-Market,Bengaluru,GJ,2025-01-14
C100459,Customer 0460,SMB,Mumbai,MP,2025-03-19
C100460,Customer 0461,SMB,Kolkata,DL,2024-06-16
C100461,Customer 0462,SMB,Ahmedabad,WB,2024-11-21
C100462,Customer 0463,SMB,Kolkata,MH,2025-05-08
C100463,Customer 0464,SMB,Mumbai,RJ,2024-11-19
C100464,Customer 0465,Mid-Market,Mumbai,TN,2024-10-06
C100465,Customer 0466,Enterprise,Hyderabad,TN,2024-02-22
C100466,Customer 0467,Mid-Market,Delhi,WB,2024-11-26
C100467,Customer 0468,Mid-Market,Nagpur,TS,2025-08-09
C100468,Customer 0469,Enterprise,Bengaluru,WB,2025-04-03
C100469,Customer 0470,SMB,Mumbai,RJ,2025-10-14
C100470,Customer 0471,SMB,Nagpur,DL,2024-04-02
C100471,Customer 0472,SMB,Mumbai,KA,2024-01-09
C100472,Customer 0473,SMB,Pune,DL,2025-02-04
C100473,Customer 0474,Mid-Market,Delhi,KA,2024-05-10
C100474,Customer 0475,SMB,Delhi,DL,2025-03-10
C100475,Customer 0476,SMB,Kolkata,GJ,2025-10-22
C100476,Customer 0477,SMB,Jaipur,KA,2024-09-03
C100477,Customer 0478,SMB,Nagpur,RJ,2025-02-05
C100478,Customer 0479,Enterprise,Bengaluru,TS,2025-05-13
C100479,Customer 0480,SMB,Nagpur,MP,2024-04-19
C100480,Customer 0481,SMB,Kolkata,RJ,2025-10-17
C100481,Customer 0482,SMB,Pune,TS,2024-05-28
C100482,Customer 0483,SMB,Nagpur,WB,2025-08-13
C100483,Customer 0484,Mid-Market,Mumbai,KA,2025-04-27
C100484,Customer 0485,SMB,Chennai,MH,2024-04-13
C100485,Customer 0486,SMB,Ahmedabad,UP,2025-06-13
C100486,Customer 0487,SMB,Bengaluru,MP,2024-05-23
C100487,Customer 0488,Mid-Market,Bengaluru,KA,2025-03-14
C100488,Customer 0489,Mid-Market,Delhi,TS,2025-12-02
C100489,Customer 0490,Mid-Market,Jaipur,KA,2025-11-27
C100490,Customer 0491,Mid-Market,Bengaluru,DL,2025-09-28
C100491,Customer 0492,Mid-Market,Kolkata,TS,2024-12-27
C100492,Customer 0493,SMB,Delhi,DL,2025-02-13
C100493,Customer 0494,SMB,Mumbai,WB,2024-08-07
C100494,Customer 0495,SMB,Ahmedabad,KA,2025-11-04
C100495,Customer 0496,SMB,Jaipur,MP,2024-12-14
C100496,Customer 0497,Mid-Market,Chennai,RJ,2025-07-18
C100497,Customer 0498,SMB,Mumbai,RJ,2024-09-19
C100498,Customer 0499,Mid-Market,Mumbai,KA,2025-06-25
C100499,Customer 0500,Enterprise,Delhi,RJ,2024-06-13
C100500,Customer 0501,SMB,Chennai,MP,2025-06-20
C100501,Customer 0502,Enterprise,Chennai,KA,2024-02-03
C100502,Customer 0503,Mid-Market,Bengaluru,RJ,2024-03-17
C100503,Customer 0504,Enterprise,Chennai,DL,2024-09-14
C100504,Customer 0505,SMB,Bengaluru,RJ,2024-12-18
C100505,Customer 0506,SMB,Kolkata,TN,2025-06-04
C100506,Customer 0507,SMB,Ahmedabad,MP,2024-09-19
C100507,Customer 0508,SMB,Kolkata,KA,2024-01-14
C100508,Customer 0509,SMB,Pune,DL,2024-08-25
C100509,Customer 0510,Enterprise,Nagpur,TS,2024-11-17
C100510,Customer 0511,Mid-Market,Pune,TS,2025-02-01
C100511,Customer 0512,SMB,Nagpur,DL,2025-04-15
C100512,Customer 0513,SMB,Pune,DL,2024-06-30
C100513,Customer 0514,SMB,Chennai,KA,2025-03-22
C100514,Customer 0515,SMB,Mumbai,RJ,2025-04-06
C100515,Customer 0516,Enterprise,Pune,WB,2025-07-21
C100516,Customer 0517,SMB,Kolkata,MP,2025-01-16
C100517,Customer 0518,SMB,Ahmedabad,RJ,2025-08-15
C100518,Customer 0519,Mid-Market,Mumbai,KA,2024-06-10
C100519,Customer 0520,SMB,Nagpur,MH,2025-06-04
C100520,Customer 0521,SMB,Hyderabad,TN,2024-02-03
C100521,Customer 0522,Mid-Market,Hyderabad,TN,2024-03-16
C100522,Customer 0523,Mid-Market,Bengaluru,TS,2025-09-24
C100523,Customer 0524,Enterprise,Delhi,RJ,2024-12-13
C100524,Customer 0525,Mid-Market,Mumbai,WB,2025-03-29
C100525,Customer 0526,SMB,Delhi,RJ,2025-03-17
C100526,Customer 0527,Mid-Market,Bengaluru,KA,2025-05-22
C100527,Customer 0528,Enterprise,Pune,MP,2024-06-28
C100528,Customer 0529,Mid-Market,Hyderabad,TS,2024-05-10
C100529,Customer 0530,Enterprise,Kolkata,TN,2024-02-01
C100530,Customer 0531,Mid-Market,Ahmedabad,TN,2025-09-24
C100531,Customer 0532,Enterprise,Hyderabad,MP,2024-06-12
C100532,Customer 0533,SMB,Hyderabad,TS,2025-02-24
C100533,Customer 0534,Mid-Market,Ahmedabad,TS,2024-11-28
C100534,Customer 0535,SMB,Kolkata,DL,2024-04-28
C100535,Customer 0536,Mid-Market,Jaipur,DL,2024-10-29
C100536,Customer 0537,Mid-Market,Nagpur,KA,2024-03-01
C100537,Customer 0538,Enterprise,Jaipur,KA,2024-05-09
C100538,Customer 0539,Enterprise,Nagpur,TS,2024-04-12
C100539,Customer 0540,SMB,Delhi,TN,2025-08-25
C100540,Customer 0541,Mid-Market,Hyderabad,DL,2025-02-18
C100541,Customer 0542,Mid-Market,Hyderabad,DL,2025-11-07
C100542,Customer 0543,SMB,Bengaluru,RJ,2024-11-14
C100543,Customer 0544,SMB,Ahmedabad,TS,2024-05-27
C100544,Customer 0545,SMB,Ahmedabad,UP,2025-03-20
C100545,Customer 0546,Mid-Market,Jaipur,RJ,2025-11-10
C100546,Customer 0547,SMB,Mumbai,KA,2025-01-24
C100547,Customer 0548,Enterprise,Delhi,DL,2024-01-14
C100548,Customer 0549,SMB,Bengaluru,KA,2024-08-09
C100549,Customer 0550,Enterprise,Jaipur,TS,2025-11-07
C100550,Customer 0551,SMB,Bengaluru,DL,2025-01-13
C100551,Customer 0552,Mid-Market,Mumbai,KA,2025-11-26
C100552,Customer 0553,SMB,Chennai,MH,2025-01-07
C100553,Customer 0554,Mid-Market,Jaipur,TN,2024-01-09
C100554,Customer 0555,Mid-Market,Nagpur,RJ,2025-09-30
C100555,Customer 0556,Enterprise,Pune,DL,2025-07-11
C100556,Customer 0557,Mid-Market,Hyderabad,MP,2025-06-06
C100557,Customer 0558,SMB,Mumbai,DL,2025-12-10
C100558,Customer 0559,SMB,Hyderabad,UP,2024-05-23
C100559,Customer 0560,SMB,Chennai,TS,2025-10-24
C100560,Customer 0561,SMB,Bengaluru,WB,2024-06-19
C100561,Customer 0562,Mid-Market,Pune,RJ,2025-12-10
C100562,Customer 0563,Mid-Market,Chennai,MH,2024-05-19
C100563,Customer 0564,Mid-Market,Pune,UP,2025-02-06
C100564,Customer 0565,Enterprise,Bengaluru,DL,2025-07-31
C100565,Customer 0566,Mid-Market,Pune,TN,2024-02-27
C100566,Customer 0567,Mid-Market,Pune,GJ,2024-02-18
C100567,Customer 0568,SMB,Delhi,GJ,2025-09-13
C100568,Customer 0569,SMB,Jaipur,MH,2024-02-14
C100569,Customer 0570,Mid-Market,Ahmedabad,MP,2025-03-24
C100570,Customer 0571,Enterprise,Pune,GJ,2025-11-16
C100571,Customer 0572,SMB,Pune,UP,2025-03-25
C100572,Customer 0573,SMB,Hyderabad,TN,2024-12-17
C100573,Customer 0574,Mid-Market,Kolkata,GJ,2024-11-01
C100574,Customer 0575,SMB,Ahmedabad,TN,2025-04-11
C100575,Customer 0576,SMB,Jaipur,MP,2025-02-22
C100576,Customer 0577,Enterprise,Hyderabad,MP,2025-01-01
C100577,Customer 0578,Mid-Market,Mumbai,UP,2024-04-22
C100578,Customer 0579,SMB,Pune,WB,2025-04-29
C100579,Customer 0580,Enterprise,Mumbai,RJ,2025-06-24
C100580,Customer 0581,SMB,Pune,DL,2025-06-02
C100581,Customer 0582,Enterprise,Jaipur,TN,2024-02-24
C100582,Customer 0583,SMB,Bengaluru,RJ,2025-05-28
C100583,Customer 0584,Mid-Market,Jaipur,MH,2025-06-17
C100584,Customer 0585,SMB,Chennai,RJ,2024-05-14
C100585,Customer 0586,SMB,Chennai,MH,2025-09-12
C100586,Customer 0587,Enterprise,Delhi,WB,2025-01-17
C100587,Customer 0588,SMB,Jaipur,TN,2024-12-11
C100588,Customer 0589,SMB,Pune,TN,2025-06-12
C100589,Customer 0590,SMB,Pune,TN,2025-01-07
C100590,Customer 0591,Mid-Market,Delhi,TN,2025-02-02
C100591,Customer 0592,Mid-Market,Hyderabad,TN,2024-08-16
C100592,Customer 0593,Enterprise,Chennai,TN,2025-11-09
C100593,Customer 0594,SMB,Ahmedabad,WB,2025-12-09
C100594,Customer 0595,SMB,Chennai,RJ,2024-04-05
C100595,Customer 0596,SMB,Bengaluru,WB,2025-06-19
C100596,Customer 0597,Mid-Market,Hyderabad,GJ,2024-01-18
C100597,Customer 0598,Enterprise,Ahmedabad,MP,2024-09-26
C100598,Customer 0599,Mid-Market,Bengaluru,UP,2025-12-10
C100599,Customer 0600,Mid-Market,Chennai,KA,2024-05-07
C100600,Customer 0601,SMB,Chennai,RJ,2024-10-02
C100601,Customer 0602,Enterprise,Ahmedabad,TS,2024-06-09
C100602,Customer 0603,SMB,Ahmedabad,KA,2025-06-16
C100603,Customer 0604,SMB,Delhi,RJ,2024-12-05
C100604,Customer 0605,SMB,Hyderabad,MH,2025-03-09
C100605,Customer 0606,SMB,Hyderabad,MP,2025-11-20
C100606,Customer 0607,SMB,Delhi,RJ,2025-01-15
C100607,Customer 0608,SMB,Bengaluru,UP,2025-06-20
C100608,Customer 0609,SMB,Kolkata,GJ,2024-03-12
C100609,Customer 0610,Mid-Market,Bengaluru,MP,2024-06-06
C100610,Customer 0611,SMB,Kolkata,KA,2025-11-23
C100611,Customer 0612,SMB,Ahmedabad,MP,2025-09-20
C100612,Customer 0613,Enterprise,Nagpur,KA,2025-04-25
C100613,Customer 0614,Mid-Market,Mumbai,DL,2024-10-03
C100614,Customer 0615,SMB,Ahmedabad,KA,2024-05-26
C100615,Customer 0616,SMB,Pune,TN,2025-09-14
C100616,Customer 0617,Enterprise,Hyderabad,RJ,2025-07-28
C100617,Customer 0618,SMB,Mumbai,TS,2024-06-25
C100618,Customer 0619,SMB,Mumbai,MP,2025-03-07
C100619,Customer 0620,Enterprise,Mumbai,GJ,2025-03-28
C100620,Customer 0621,SMB,Pune,GJ,2024-12-15
C100621,Customer 0622,Mid-Market,Jaipur,UP,2025-11-08
C100622,Customer 0623,Mid-Market,Pune,TN,2024-03-31
C100623,Customer 0624,Mid-Market,Hyderabad,DL,2024-07-07
C100624,Customer 0625,SMB,Kolkata,UP,2024-03-10
C100625,Customer 0626,SMB,Nagpur,WB,2025-05-21
C100626,Customer 0627,SMB,Jaipur,GJ,2025-04-15
C100627,Customer 0628,SMB,Mumbai,TS,2025-12-22
C100628,Customer 0629,Enterprise,Nagpur,TS,2025-01-31
C100629,Customer 0630,SMB,Kolkata,KA,2024-04-20
C100630,Customer 0631,Mid-Market,Mumbai,TS,2024-11-25
C100631,Customer 0632,Mid-Market,Delhi,KA,2024-03-05
C100632,Customer 0633,Mid-Market,Nagpur,RJ,2025-05-05
C100633,Customer 0634,SMB,Hyderabad,MH,2025-05-07
C100634,Customer 0635,SMB,Mumbai,GJ,2025-09-18
C100635,Customer 0636,Enterprise,Jaipur,UP,2024-09-05
C100636,Customer 0637,Mid-Market,Nagpur,RJ,2024-08-14
C100637,Customer 0638,Mid-Market,Nagpur,TN,2024-02-22
C100638,Customer 0639,Enterprise,Nagpur,MH,2024-10-30
C100639,Customer 0640,Mid-Market,Jaipur,MP,2024-12-13
C100640,Customer 0641,SMB,Delhi,MH,2025-07-05
C100641,Customer 0642,Mid-Market,Mumbai,GJ,2025-07-05
C100642,Customer 0643,SMB,Kolkata,GJ,2024-04-12
C100643,Customer 0644,Mid-Market,Bengaluru,KA,2024-07-27
C100644,Customer 0645,Enterprise,Delhi,RJ,2025-01-08
C100645,Customer 0646,SMB,Kolkata,KA,2024-09-01
C100646,Customer 0647,SMB,Nagpur,TS,2024-01-19
C100647,Customer 0648,SMB,Bengaluru,MP,2025-09-10
C100648,Customer 0649,Enterprise,Bengaluru,UP,2025-06-18
C100649,Customer 0650,SMB,Ahmedabad,TS,2025-01-15
C100650,Customer 0651,SMB,Pune,UP,2024-08-20
C100651,Customer 0652,SMB,Chennai,UP,2025-09-08
C100652,Customer 0653,SMB,Ahmedabad,RJ,2024-01-26
C100653,Customer 0654,SMB,Chennai,KA,2024-11-22
C100654,Customer 0655,SMB,Hyderabad,TS,2025-08-08
C100655,Customer 0656,SMB,Jaipur,GJ,2025-11-27
C100656,Customer 0657,SMB,Hyderabad,UP,2024-07-02
C100657,Customer 0658,SMB,Ahmedabad,MP,2025-04-20
C100658,Customer 0659,SMB,Delhi,TN,2024-05-18
C100659,Customer 0660,SMB,Pune,TS,2024-03-25
C100660,Customer 0661,Mid-Market,Chennai,UP,2024-09-15
C100661,Customer 0662,SMB,Pune,TS,2025-10-09
C100662,Customer 0663,SMB,Nagpur,DL,2025-05-19
C100663,Customer 0664,SMB,Kolkata,UP,2024-12-23
C100664,Customer 0665,SMB,Hyderabad,WB,2024-07-25
C100665,Customer 0666,SMB,Delhi,TS,2024-04-13
C100666,Customer 0667,SMB,Kolkata,MH,2024-07-16
C100667,Customer 0668,Enterprise,Bengaluru,TN,2024-04-21
C100668,Customer 0669,SMB,Bengaluru,UP,2024-05-16
C100669,Customer 0670,SMB,Delhi,TN,2025-05-17
C100670,Customer 0671,SMB,Bengaluru,GJ,2024-04-07
C100671,Customer 0672,SMB,Ahmedabad,TS,2024-02-04
C100672,Customer 0673,SMB,Mumbai,RJ,2025-01-31
C100673,Customer 0674,Mid-Market,Jaipur,RJ,2024-07-28
C100674,Customer 0675,Mid-Market,Hyderabad,GJ,2024-11-28
C100675,Customer 0676,SMB,Chennai,RJ,2024-04-12
C100676,Customer 0677,SMB,Mumbai,WB,2024-06-02
C100677,Customer 0678,SMB,Hyderabad,DL,2024-11-18
C100678,Customer 0679,SMB,Ahmedabad,RJ,2025-05-19
C100679,Customer 0680,Mid-Market,Bengaluru,MP,2024-10-29
C100680,Customer 0681,SMB,Mumbai,MP,2025-01-30
C100681,Customer 0682,SMB,Chennai,TS,2025-01-16
C100682,Customer 0683,Enterprise,Mumbai,GJ,2024-07-15
C100683,Customer 0684,SMB,Hyderabad,MH,2024-07-23
C100684,Customer 0685,SMB,Delhi,WB,2024-11-07
C100685,Customer 0686,Mid-Market,Chennai,WB,2024-01-24
C100686,Customer 0687,SMB,Kolkata,DL,2025-05-16
C100687,Customer 0688,SMB,Kolkata,UP,2025-03-25
C100688,Customer 0689,SMB,Jaipur,MP,2024-08-11
C100689,Customer 0690,Enterprise,Pune,MH,2024-09-30
C100690,Customer 0691,SMB,Hyderabad,TS,2024-08-28
C100691,Customer 0692,SMB,Pune,TS,2025-04-21
C100692,Customer 0693,SMB,Pune,MP,2025-07-09
C100693,Customer 0694,SMB,Bengaluru,WB,2024-03-20
C100694,Customer 0695,Mid-Market,Chennai,RJ,2024-10-29
C100695,Customer 0696,SMB,Jaipur,MP,2024-01-11
C100696,Customer 0697,Mid-Market,Ahmedabad,RJ,2024-11-26
C100697,Customer 0698,Mid-Market,Kolkata,MH,2024-06-30
C100698,Customer 0699,Mid-Market,Ahmedabad,KA,2024-09-02
C100699,Customer 0700,SMB,Mumbai,DL,2024-11-29
C100700,Customer 0701,Enterprise,Jaipur,DL,2024-08-24
C100701,Customer 0702,Mid-Market,Jaipur,RJ,2024-10-15
C100702,Customer 0703,SMB,Pune,KA,2025-07-13
C100703,Customer 0704,Mid-Market,Delhi,DL,2025-08-15
C100704,Customer 0705,Enterprise,Jaipur,TS,2024-01-05
C100705,Customer 0706,SMB,Delhi,KA,2024-10-03
C100706,Customer 0707,Enterprise,Jaipur,KA,2025-09-11
C100707,Customer 0708,SMB,Nagpur,KA,2025-01-22
C100708,Customer 0709,Mid-Market,Delhi,WB,2024-05-30
C100709,Customer 0710,Enterprise,Pune,TN,2025-03-09
C100710,Customer 0711,SMB,Hyderabad,TN,2024-04-15
C100711,Customer 0712,Mid-Market,Bengaluru,TN,2024-01-16
C100712,Customer 0713,SMB,Delhi,RJ,2025-04-07
C100713,Customer 0714,Mid-Market,Chennai,MP,2025-01-11
C100714,Customer 0715,Mid-Market,Delhi,WB,2025-07-07
C100715,Customer 0716,SMB,Mumbai,GJ,2024-09-09
C100716,Customer 0717,SMB,Hyderabad,RJ,2025-09-16
C100717,Customer 0718,SMB,Kolkata,GJ,2024-11-03
C100718,Customer 0719,SMB,Pune,KA,2025-06-23
C100719,Customer 0720,SMB,Bengaluru,UP,2024-03-14
C100720,Customer 0721,SMB,Jaipur,KA,2024-03-12
C100721,Customer 0722,SMB,Pune,TN,2025-07-26
C100722,Customer 0723,SMB,Delhi,GJ,2025-09-01
C100723,Customer 0724,Mid-Market,Bengaluru,TN,2025-11-19
C100724,Customer 0725,Mid-Market,Mumbai,TS,2024-08-25
C100725,Customer 0726,Mid-Market,Delhi,UP,2024-01-17
C100726,Customer 0727,SMB,Chennai,MH,2025-12-17
C100727,Customer 0728,Enterprise,Mumbai,TS,2025-03-15
C100728,Customer 0729,Mid-Market,Pune,UP,2024-06-29
C100729,Customer 0730,SMB,Mumbai,RJ,2025-07-12
C100730,Customer 0731,SMB,Kolkata,MH,2025-10-22
C100731,Customer 0732,Mid-Market,Jaipur,RJ,2024-07-27
C100732,Customer 0733,SMB,Mumbai,UP,2025-07-16
C100733,Customer 0734,SMB,Hyderabad,MH,2025-07-29
C100734,Customer 0735,Enterprise,Hyderabad,TN,2025-01-01
C100735,Customer 0736,SMB,Hyderabad,TN,2025-04-07
C100736,Customer 0737,SMB,Bengaluru,KA,2024-07-16
C100737,Customer 0738,Enterprise,Pune,TS,2025-11-10
C100738,Customer 0739,Mid-Market,Chennai,KA,2025-12-19
C100739,Customer 0740,SMB,Hyderabad,KA,2025-12-18
C100740,Customer 0741,Enterprise,Hyderabad,TN,2025-06-22
C100741,Customer 0742,Enterprise,Bengaluru,TN,2024-01-31
C100742,Customer 0743,SMB,Nagpur,TS,2024-09-24
C100743,Customer 0744,Mid-Market,Kolkata,TS,2024-11-21
C100744,Customer 0745,SMB,Delhi,KA,2025-12-02
C100745,Customer 0746,SMB,Bengaluru,RJ,2025-02-03
C100746,Customer 0747,Mid-Market,Jaipur,TS,2025-01-26
C100747,Customer 0748,SMB,Jaipur,UP,2024-04-17
C100748,Customer 0749,Mid-Market,Pune,WB,2025-08-03
C100749,Customer 0750,Mid-Market,Nagpur,MP,2024-09-02
C100750,Customer 0751,SMB,Kolkata,GJ,2024-03-08
C100751,Customer 0752,Mid-Market,Pune,TS,2025-12-22
C100752,Customer 0753,SMB,Ahmedabad,GJ,2024-05-18
C100753,Customer 0754,Enterprise,Mumbai,TS,2024-01-12
C100754,Customer 0755,SMB,Pune,KA,2024-02-26
C100755,Customer 0756,Mid-Market,Mumbai,TS,2024-11-26
C100756,Customer 0757,Mid-Market,Delhi,TS,2024-03-16
C100757,Customer 0758,SMB,Kolkata,KA,2025-09-07
C100758,Customer 0759,Mid-Market,Delhi,MH,2025-01-09
C100759,Customer 0760,Mid-Market,Mumbai,UP,2024-08-24
C100760,Customer 0761,Mid-Market,Mumbai,WB,2024-01-03
C100761,Customer 0762,Mid-Market,Jaipur,TN,2024-12-16
C100762,Customer 0763,Enterprise,Nagpur,UP,2024-04-20
C100763,Customer 0764,SMB,Ahmedabad,TS,2025-12-15
C100764,Customer 0765,SMB,Mumbai,TN,2024-07-31
C100765,Customer 0766,SMB,Jaipur,MP,2024-12-13
C100766,Customer 0767,Mid-Market,Kolkata,GJ,2024-01-14
C100767,Customer 0768,SMB,Chennai,DL,2024-04-05
C100768,Customer 0769,SMB,Mumbai,TS,2024-05-31
C100769,Customer 0770,SMB,Nagpur,MH,2024-02-07
C100770,Customer 0771,Enterprise,Delhi,MH,2025-06-14
C100771,Customer 0772,SMB,Pune,KA,2025-11-22
C100772,Customer 0773,Mid-Market,Bengaluru,RJ,2025-12-21
C100773,Customer 0774,SMB,Delhi,GJ,2024-07-13
C100774,Customer 0775,Enterprise,Pune,TN,2025-07-30
C100775,Customer 0776,SMB,Hyderabad,RJ,2025-01-03
C100776,Customer 0777,SMB,Delhi,KA,2024-02-03
C100777,Customer 0778,Enterprise,Nagpur,TS,2024-03-07
C100778,Customer 0779,Enterprise,Pune,DL,2025-02-04
C100779,Customer 0780,SMB,Chennai,UP,2024-11-05
C100780,Customer 0781,SMB,Nagpur,GJ,2024-01-07
C100781,Customer 0782,Mid-Market,Jaipur,MP,2025-11-10
C100782,Customer 0783,Enterprise,Nagpur,TS,2025-06-17
C100783,Customer 0784,SMB,Mumbai,MP,2025-01-02
C100784,Customer 0785,SMB,Jaipur,MH,2025-12-22
C100785,Customer 0786,Mid-Market,Nagpur,TS,2025-12-10
C100786,Customer 0787,Mid-Market,Hyderabad,WB,2025-12-12
C100787,Customer 0788,Mid-Market,Delhi,MH,2024-07-08
C100788,Customer 0789,Mid-Market,Chennai,MP,2025-10-05
C100789,Customer 0790,SMB,Delhi,MP,2025-01-03
C100790,Customer 0791,Enterprise,Bengaluru,WB,2025-06-14
C100791,Customer 0792,Enterprise,Nagpur,DL,2025-09-20
C100792,Customer 0793,Mid-Market,Nagpur,MH,2024-04-29
C100793,Customer 0794,SMB,Hyderabad,GJ,2024-11-23
C100794,Customer 0795,SMB,Jaipur,WB,2024-04-04
C100795,Customer 0796,Mid-Market,Hyderabad,RJ,2024-07-23
C100796,Customer 0797,SMB,Ahmedabad,GJ,2024-10-29
C100797,Customer 0798,Enterprise,Chennai,KA,2025-09-17
C100798,Customer 0799,SMB,Delhi,KA,2025-09-22
C100799,Customer 0800,Mid-Market,Mumbai,RJ,2024-10-12
